SHORT URL;SHORT URL;REDIRECIONAMENTO
esfa.co/bss/dragabrielamenegat;espacofacial.com/barrashoppingsul/dragabrielamenegat;https://api.whatsapp.com/send?phone=5551980882293&text=Quero%20agendar%20um%20hor%C3%A1rio%20com%20a%20%2ADra.%20Gabriela%2A%20na%20Espa%C3%A7o%20Facial%21%20%F0%9F%93%85
esfa.co/bss/dramarinalima;espacofacial.com/barrashoppingsul/dramarinalima;https://api.whatsapp.com/send?phone=5551980882293&text=Quero%20agendar%20um%20hor%C3%A1rio%20com%20a%20%2ADra.%20Marina%2A%20na%20Espa%C3%A7o%20Facial%21%20%F0%9F%93%85
esfa.co/bss/drasamarassilva;espacofacial.com/barrashoppingsul/drasamarassilva;https://api.whatsapp.com/send?phone=5551980882293&text=Quero%20agendar%20um%20hor%C3%A1rio%20com%20a%20%2ADra.%20Samara%2A%20na%20Espa%C3%A7o%20Facial%21%20%F0%9F%93%85
esfa.co/bss/dravivianemondin;espacofacial.com/barrashoppingsul/dravivianemondin;https://api.whatsapp.com/send?phone=5551980882293&text=Quero%20agendar%20um%20hor%C3%A1rio%20com%20a%20%2ADra.%20Viviane%2A%20na%20Espa%C3%A7o%20Facial%21%20%F0%9F%93%85
esfa.co/bss/drmarcelogsoares;espacofacial.com/barrashoppingsul/drmarcelogsoares;https://api.whatsapp.com/send?phone=5551980882293&text=Quero%20agendar%20um%20hor%C3%A1rio%20com%20o%20%2ADr.%20Marcelo%2A%20na%20Espa%C3%A7o%20Facial%21%20%F0%9F%93%85
esfa.co/bss/drviniciusvieira;espacofacial.com/barrashoppingsul/drviniciusvieira;https://api.whatsapp.com/send?phone=5551980882293&text=Quero%20agendar%20um%20hor%C3%A1rio%20com%20o%20%2ADr.%20Vinícius%2A%20na%20Espa%C3%A7o%20Facial%21%20%F0%9F%93%85
esfa.co/nh/dragabrielamenegat;espacofacial.com/novohamburgo/dragabrielamenegat;https://api.whatsapp.com/send?phone=5551995811008&text=Quero%20agendar%20um%20hor%C3%A1rio%20com%20a%20%2ADra.%20Gabriela%2A%20na%20Espa%C3%A7o%20Facial%21%20%F0%9F%93%85
esfa.co/nh/drajosielesouza;espacofacial.com/novohamburgo/drajosielesouza;https://api.whatsapp.com/send?phone=5551995811008&text=Quero%20agendar%20um%20hor%C3%A1rio%20com%20a%20%2ADra.%20Josiele%2A%20na%20Espa%C3%A7o%20Facial%21%20%F0%9F%93%85
esfa.co/nh/dramarinalima;espacofacial.com/novohamburgo/dramarinalima;https://api.whatsapp.com/send?phone=5551995811008&text=Quero%20agendar%20um%20hor%C3%A1rio%20com%20a%20%2ADra.%20Marina%2A%20na%20Espa%C3%A7o%20Facial%21%20%F0%9F%93%85
esfa.co/nh/drasamarassilva;espacofacial.com/novohamburgo/drasamarassilva;https://api.whatsapp.com/send?phone=5551995811008&text=Quero%20agendar%20um%20hor%C3%A1rio%20com%20a%20%2ADra.%20Samara%2A%20na%20Espa%C3%A7o%20Facial%21%20%F0%9F%93%85
esfa.co/nh/dravivianemondin;espacofacial.com/novohamburgo/dravivianemondin;https://api.whatsapp.com/send?phone=5551995811008&text=Quero%20agendar%20um%20hor%C3%A1rio%20com%20a%20%2ADra.%20Viviane%2A%20na%20Espa%C3%A7o%20Facial%21%20%F0%9F%93%85
esfa.co/nh/drmarcelogsoares;espacofacial.com/novohamburgo/drmarcelogsoares;https://api.whatsapp.com/send?phone=5551995811008&text=Quero%20agendar%20um%20hor%C3%A1rio%20com%20o%20%2ADr.%20Marcelo%2A%20na%20Espa%C3%A7o%20Facial%21%20%F0%9F%93%85
esfa.co/nh/drviniciusvieira;espacofacial.com/novohamburgo/drviniciusvieira;https://api.whatsapp.com/send?phone=5551995811008&text=Quero%20agendar%20um%20hor%C3%A1rio%20com%20o%20%2ADr.%20Vinícius%2A%20na%20Espa%C3%A7o%20Facial%21%20%F0%9F%93%85